product_id,name,category,price,cost
PROD-0001,Sharable bifurcated algorithm,Clothing,7.72,4.95
PROD-0002,User-centric even-keeled encryption,Books,24.57,18.47
PROD-0003,Face-to-face client-driven support,Clothing,88.88,71.68
PROD-0004,Customer-focused systematic support,Clothing,51.71,27.8
PROD-0005,Quality-focused background parallelism,Electronics,145.33,68.23
PROD-0006,Optimized 5thgeneration algorithm,Toys & Games,55.18,28.01
PROD-0007,Cross-group didactic emulation,Electronics,129.07,91.54
PROD-0008,Profit-focused real-time algorithm,Toys & Games,59.01,42.15
PROD-0009,Realigned dedicated structure,Beauty & Personal Care,23.76,14.06
PROD-0010,Streamlined tangible moratorium,Beauty & Personal Care,201.96,102.0
PROD-0011,Operative directional knowledge user,Electronics,167.41,88.11
PROD-0012,Reverse-engineered even-keeled workforce,Toys & Games,17.85,11.3
PROD-0013,Adaptive well-modulated workforce,Beauty & Personal Care,148.68,70.13
PROD-0014,Diverse tangible interface,Electronics,176.07,80.03
PROD-0015,Mandatory even-keeled collaboration,Clothing,239.83,102.93
PROD-0016,Extended well-modulated Graphical User Interface,Toys & Games,70.64,34.8
PROD-0017,Customer-focused background implementation,Beauty & Personal Care,35.18,21.19
PROD-0018,Cross-platform heuristic hardware,Sports & Outdoors,177.25,84.81
PROD-0019,Robust empowering workforce,Clothing,104.91,73.88
PROD-0020,Balanced upward-trending knowledgebase,Books,35.96,21.28
PROD-0021,Public-key bottom-line implementation,Books,190.39,82.78
PROD-0022,Configurable neutral frame,Electronics,36.0,29.03
PROD-0023,Self-enabling regional hierarchy,Beauty & Personal Care,63.65,49.34
PROD-0024,Re-engineered content-based strategy,Beauty & Personal Care,50.12,27.09
PROD-0025,Cloned 6thgeneration protocol,Food & Grocery,26.03,18.86
PROD-0026,Focused zero administration frame,Sports & Outdoors,158.66,90.15
PROD-0027,Configurable discrete attitude,Toys & Games,111.8,44.72
PROD-0028,Multi-tiered even-keeled knowledgebase,Home & Garden,82.0,62.12
PROD-0029,Sharable high-level complexity,Electronics,145.05,103.61
PROD-0030,Multi-layered heuristic database,Home & Garden,167.07,95.47
PROD-0031,Synchronized encompassing standardization,Clothing,93.38,47.4
PROD-0032,Synergized secondary archive,Food & Grocery,158.52,64.44
PROD-0033,Robust scalable concept,Electronics,111.06,82.27
PROD-0034,Public-key upward-trending encryption,Sports & Outdoors,152.01,92.69
PROD-0035,Diverse maximized implementation,Sports & Outdoors,95.41,53.3
PROD-0036,Future-proofed scalable solution,Sports & Outdoors,255.53,116.68
PROD-0037,Realigned directional software,Clothing,166.5,104.72
PROD-0038,Inverse zero administration time-frame,Books,43.89,20.04
PROD-0039,Centralized discrete alliance,Electronics,133.73,72.68
PROD-0040,Intuitive impactful flexibility,Clothing,261.21,111.63
PROD-0041,Cloned didactic open system,Sports & Outdoors,45.69,30.26
PROD-0042,Universal foreground data-warehouse,Clothing,22.16,12.11
PROD-0043,Streamlined modular infrastructure,Clothing,221.89,117.4
PROD-0044,Stand-alone logistical circuit,Home & Garden,31.21,17.15
PROD-0045,Fundamental client-driven encryption,Home & Garden,77.54,33.28
PROD-0046,User-friendly next generation monitoring,Toys & Games,279.05,115.79
PROD-0047,Fundamental value-added paradigm,Books,148.14,86.13
PROD-0048,Optimized optimal initiative,Beauty & Personal Care,100.42,53.7
PROD-0049,Multi-lateral directional challenge,Clothing,40.0,31.25
PROD-0050,Profound modular array,Electronics,107.13,71.42
